{
    "cv_r2_mean": 0.6616660066567815,
    "cv_r2_std": 0.03375426041957993
}