{
    "mae": 0.5812363255667874,
    "rmse": 0.8426738174560764,
    "r2": 0.7344461718980166
}